﻿<parameters>
  <parameter name="IIS Web Application Name" defaultValue="Default Web Site/" tags="IisApp">
    <parameterEntry kind="ProviderPath" scope="IisApp" match="^C:\\Users\\ajraj1\\source\\repos\\LMS\\LMS\\obj\\Debug\\Package\\PackageTmp$" />
    <parameterEntry kind="ProviderPath" scope="setAcl" match="^C:\\Users\\ajraj1\\source\\repos\\LMS\\LMS\\obj\\Debug\\Package\\PackageTmp$" />
  </parameter>
  <parameter name="DefaultConnection-Web.config Connection String" description="DefaultConnection Connection String used in web.config by the application to access the database." defaultValue="data source=solkalkdb.cqjgliexpw2a.eu-west-1.rds.amazonaws.com;initial catalog=SolkalkDb;persist security info=True;user id=NFK2018;password=NFKsolkalk" tags="SqlConnectionString">
    <parameterEntry kind="XmlFile" scope="C:\\Users\\ajraj1\\source\\repos\\LMS\\LMS\\obj\\Debug\\Package\\PackageTmp\\Web\.config$" match="/configuration/connectionStrings/add[@name='DefaultConnection']/@connectionString" />
  </parameter>
  <parameter name="SolkalkDbEntities-Web.config Connection String" description="SolkalkDbEntities Connection String used in web.config by the application to access the database." defaultValue="metadata=res://*/SolkalkDb.csdl|res://*/SolkalkDb.ssdl|res://*/SolkalkDb.msl;provider=System.Data.SqlClient;provider connection string=&quot;data source=solkalkdb.cqjgliexpw2a.eu-west-1.rds.amazonaws.com;initial catalog=SolkalkDb;persist security info=True;user id=NFK2018;password=NFKsolkalk;multipleactiveresultsets=True;application name=EntityFramework&quot;" tags="SqlConnectionString">
    <parameterEntry kind="XmlFile" scope="C:\\Users\\ajraj1\\source\\repos\\LMS\\LMS\\obj\\Debug\\Package\\PackageTmp\\Web\.config$" match="/configuration/connectionStrings/add[@name='SolkalkDbEntities']/@connectionString" />
  </parameter>
</parameters>